#{"t_start": 1644334340.821279, "env_id": "BipedalWalker-v3"}
r,l,t
-110.365368,45,0.039036
-115.283507,54,0.070998
-111.382434,55,0.118035
-101.629888,69,0.722
-109.559073,226,1.613038
-103.440887,50,3.827003
-103.315094,46,4.306001
-103.305127,60,4.822
-103.179371,47,5.496035
-102.287228,49,5.970997
-103.791583,45,6.49203
-102.509575,89,7.04603
-179.934461,1600,9.748033
-127.674,74,27.207042
-130.52163,110,28.139072
-127.275629,44,29.368077
-127.650016,44,29.922039
-121.633314,47,30.454042
-126.053103,45,30.991078
-108.648576,40,31.529072
-106.850713,42,32.021079
-107.944884,40,32.526079
-108.072072,40,32.968073
-105.100264,53,33.451071
-105.889108,42,34.068076
-111.15913,39,34.576041
-105.484948,53,35.050074
-104.876945,47,35.689041
-101.962417,53,36.245039
-103.455779,47,36.850039
-113.439773,73,37.432045
-124.846781,47,38.25204
-124.296528,47,38.794039
-129.960922,63,39.394042
-118.449166,58,40.134076
-104.5968,48,40.826038
-113.971154,65,41.410039
-117.097012,68,42.230078
-78.05412,1600,44.510041
-102.145902,94,62.031076
-103.189915,45,63.109044
-103.265327,42,63.631071
-104.827794,43,64.139042
-103.580345,103,64.665073
-103.267371,56,65.871077
-104.867945,97,66.546079
-112.159596,184,67.766075
-109.216263,108,69.836076
-109.781008,137,71.138076
-120.158481,53,72.683042
-104.635752,91,73.352076
-106.967387,60,74.432073
-109.644007,170,75.29004
-105.380956,99,77.300079
-141.560413,158,78.517039
-135.314204,124,80.345041
-131.086995,103,81.840039
-105.235955,73,83.059039
-119.009781,52,83.929042
-109.296157,174,84.660042
-114.335759,1600,88.123071
-126.502668,1600,107.16504
-138.653985,221,125.102042
-131.735738,1600,129.273039
-120.950411,87,147.088172
-119.838899,141,148.150176
-128.961351,174,149.904172
-109.562108,121,151.964176
-112.209695,103,153.351176
-116.449386,1600,155.821172
-117.067429,75,173.641175
-117.901028,123,174.575176
-103.150473,47,175.92921
-105.180484,55,176.508175
-123.899417,109,177.204207
-104.32882,60,178.521173
-115.922828,89,179.311177
-116.672442,58,180.330177
-175.090458,1600,182.419172
-155.332585,1600,201.540175
-145.88962,1600,220.746176
-172.150758,1600,240.052206
-151.543444,1600,259.154229
-155.742828,1600,278.432229
-112.666874,1600,297.594195
-141.7299,287,315.393196
-148.630489,223,318.83923
-169.070271,1600,322.725225
-134.238789,100,340.578196
-130.66758,85,341.775193
-174.293508,1600,344.245192
-141.007664,1600,363.672247
-124.179846,1600,382.954248
-118.063502,101,400.953246
-142.447904,1600,403.54525
-79.8762,1600,422.951244
-110.395153,61,441.470563
-113.247025,141,442.295527
-131.754594,1600,445.700602
-128.601401,112,464.34057
-122.913819,85,465.658573
-93.032336,1600,468.162568
-139.484224,1600,488.232601
-122.838968,71,507.866572
-134.048759,135,508.832609
-248.344756,1258,511.819603
-124.320391,63,526.630569
-121.167371,1600,528.971569
-161.652311,1600,549.582572
-127.243616,92,568.548606
-158.487527,1600,571.319603
-148.529027,1600,591.565569
-123.557013,77,610.53857
-117.752725,101,611.562598
-137.478175,1600,614.212604
-121.736098,65,633.374573
-113.338674,101,634.199569
-99.779525,1600,636.872569
-147.618055,1600,657.715569
-135.930415,1600,678.723571
-104.229126,1600,700.45057
-142.691752,1600,721.671599
-140.334837,1600,742.788569
-129.60558,1600,764.188572
-93.733644,1600,785.636602
-121.159147,171,806.075569
-181.724239,1600,809.731603
-151.241002,1600,831.44857
-182.211485,1600,853.579573
-178.116228,1600,875.692648
-145.6585,1600,897.937652
-99.993186,1600,920.608619
-123.41786,1600,943.547652
-114.455068,49,964.881654
-138.507356,1600,967.04965
-105.492207,107,988.201177
-101.533788,69,989.675169
-101.556949,64,990.682145
-132.039546,629,992.08817
-103.901338,68,1000.462162
-118.098325,191,1001.523135
-133.089064,92,1004.115135
-134.399118,113,1005.43517
-108.021703,126,1007.051133
-129.997855,91,1008.853171
-129.777575,89,1010.119135
-126.926956,75,1011.452137
-125.197474,76,1012.574136
-127.247707,85,1013.619132
-129.062193,83,1014.879172
-126.880692,440,1016.338134
-166.585938,1600,1023.648167
-175.593269,515,1046.018165
-160.937352,1600,1054.458135
-189.145358,695,1076.621134
-174.067703,526,1086.611174
-180.843489,1600,1095.289138
-121.06835,178,1117.407716
-122.951912,237,1120.002688
-122.040715,287,1123.536685
-165.892399,453,1127.830687
-103.27521,179,1134.180686
-152.532154,299,1136.840687
-123.076843,259,1141.124685
-115.628495,81,1144.677686
-141.531783,1600,1147.140684
-113.818604,78,1169.065719
-174.072358,1600,1171.55172
-119.594999,59,1193.315727
-119.02255,128,1194.227685
-114.21919,56,1195.999719
-116.90823,45,1196.808683
-124.731305,159,1197.536719
-118.098226,51,1199.861689
-115.108786,72,1200.620684
-119.012314,125,1201.728687
-146.411038,1600,1204.954718
-111.930722,100,1226.777688
-118.049643,168,1228.311685
-114.269405,215,1230.80972
-115.894376,115,1233.943686
-109.981111,277,1235.789685
-150.701067,703,1240.184685
-129.404163,215,1250.035716
-134.268834,521,1253.494689
-129.823014,234,1260.866718
-128.291686,1600,1265.573682
-143.668996,384,1288.079722
-105.320222,87,1293.588683
-177.221611,813,1295.587685
-118.688961,140,1306.904685
-109.795088,149,1309.051717
-137.289989,347,1311.414685
-119.961179,324,1316.512683
-137.46041,220,1321.166719
-129.775296,80,1324.254683
-108.332524,125,1325.477683
-140.470422,161,1327.44672
-99.763746,152,1329.843688
-108.734128,147,1332.112717
-116.713509,144,1334.356715
-139.572966,158,1336.496689
-151.174819,392,1339.000686
-145.552473,552,1344.831686
-115.917669,59,1352.535723
-117.524223,72,1353.451686
-117.639381,51,1354.507719
-117.382594,82,1355.285721
-115.773701,107,1356.554683
-115.898668,432,1358.50272
-127.416717,309,1364.770689
-167.731735,1600,1370.46072
-143.749142,1600,1394.159686
-178.156224,1600,1417.951686
-161.665526,1600,1441.815685
-116.660141,1600,1465.429686
-165.029443,1600,1491.799185
-176.509615,1600,1519.620183
-114.454781,76,1546.797744
-114.622915,72,1548.419744
-114.683694,78,1549.888746
-115.990794,73,1551.182745
-116.780117,73,1552.338745
-143.365555,126,1553.597742
-110.836847,67,1555.562742
-118.933115,83,1556.717746
-107.696461,74,1558.122743
-106.252275,69,1559.286748
-108.12433,57,1560.390746
-113.922721,47,1561.316781
-167.563987,1051,1563.531744
-136.4419,226,1583.321742
-38.471856,1600,1590.264743
-94.460886,1600,1622.695669
-107.791906,1600,1653.201505
-118.801439,111,1682.869311
-119.808632,73,1684.752312
-116.739585,116,1686.159313
-131.279404,136,1688.705313
-108.791161,124,1691.188311
-130.54991,99,1693.282313
-131.410043,1600,1698.138321
-121.643855,128,1726.75631
-129.206261,316,1729.828308
-155.671899,1600,1736.781908
-126.618931,70,1762.387949
-125.239319,71,1763.586913
-123.828208,67,1764.771911
-123.530798,73,1765.960912
-125.760139,72,1767.190911
-145.362932,1600,1770.163911
-128.116407,78,1795.958911
-116.174614,106,1797.362911
-126.35893,136,1799.230911
-117.767647,178,1801.576911
-113.583875,146,1804.667946
-119.69146,198,1807.267913
-154.340623,530,1811.08391
-149.374951,183,1819.767909
-132.739637,150,1822.858909
-137.41308,386,1825.768912
-142.116513,424,1832.355909
-116.6752,168,1839.446913
-120.740408,241,1842.404911
-148.745658,485,1846.85291
-114.409413,1600,1856.579908
-121.038771,89,1884.066912
-247.445726,1572,1887.073909
-125.326312,345,1914.730809
-165.577578,430,1920.675803
-162.80958,1262,1928.178803
-138.31831,175,1946.565803
-158.859878,1600,1950.816803
-123.173243,227,1975.648804
-140.364121,334,1979.207807
-103.572547,75,1983.998806
-102.730305,81,1985.116838
-105.115524,153,1986.367807
-112.779811,216,1988.738803
-113.304177,291,1992.075807
-194.621143,1341,1997.307805
-113.804323,213,2016.470835
-180.009436,576,2020.014806
-120.504456,257,2028.453806
-125.899831,94,2032.204802
-132.269767,220,2033.782803
-162.942112,1600,2038.533808
-106.610674,49,2061.256855
-106.885392,48,2062.042892
-107.14989,47,2062.755858
-112.466205,42,2063.471857
-112.926994,43,2064.072858
-115.068842,45,2064.754859
-114.960156,44,2065.424858
-114.155914,43,2066.091858
-114.759363,43,2066.708888
-114.081374,43,2067.360858
-115.882726,44,2068.009858
-113.845693,63,2068.713892
-112.709788,42,2069.655858
-117.566398,99,2070.335892
-125.742451,253,2071.996858
-115.830037,159,2075.736858
-183.037514,835,2078.716888
-116.576796,53,2090.694857
-118.587098,73,2091.553855
-130.256166,235,2092.799888
-117.968765,53,2096.263858
-122.687401,304,2097.257858
-116.005677,145,2101.78689
-117.189876,137,2103.958857
-124.973531,162,2106.059855
-102.670539,124,2108.448858
-105.981701,124,2110.307887
-93.102419,130,2112.237892
-146.493385,262,2114.313855
-120.03307,1600,2119.584855
-123.153804,1600,2143.770859
-118.950269,247,2166.864409
-108.973779,152,2170.453377
-118.237859,199,2172.81341
-107.624426,99,2175.755411
-110.118412,190,2177.450374
-139.634207,224,2180.419378
-127.310869,1600,2185.128378
-114.940399,140,2208.126379
-110.213653,115,2210.249378
-107.765857,125,2211.944381
-120.480395,109,2213.827374
-118.95787,318,2215.700378
-118.829767,119,2220.391417
-177.706596,555,2222.601413
-109.021566,81,2231.100934
-116.459565,67,2232.323936
-112.718553,152,2233.469933
-118.2803,67,2235.681931
-121.201246,147,2236.801964
-119.863503,1600,2240.412947
-120.987044,97,2263.774517
-118.734386,106,2265.254551
-132.257291,202,2266.961517
-108.430542,113,2269.984514
-130.413289,160,2271.709551
-115.66792,60,2274.190548
-113.595507,42,2275.102516
-142.071614,454,2276.148549
-113.615272,58,2283.071516
-116.536796,55,2283.923517
-114.944088,62,2284.782547
-113.164086,114,2285.823547
-117.28636,102,2287.55652
-149.317588,432,2289.409549
-115.347943,108,2295.814515
-139.276453,1600,2299.090537
-117.715097,131,2322.44154
-118.264329,90,2324.452537
-115.898985,89,2325.832537
-164.020378,417,2327.522536
-140.334618,419,2334.019536
-125.221371,349,2340.367534
-160.034914,573,2345.939569
-135.469122,103,2354.255536
-122.580077,73,2355.832533
-202.868909,1339,2357.992544
-126.890759,96,2377.421567
-114.219776,127,2378.92557
-147.055259,133,2380.889537
-141.007236,1600,2384.192538
-123.909083,73,2407.068537
-120.771829,72,2408.200547
-134.454571,1600,2410.633537
-212.840888,1422,2434.864621
-131.738243,319,2455.679659
-108.697725,61,2460.414619
-122.835574,124,2461.353623
-143.596511,347,2463.37962
-130.071891,1600,2469.769656
-130.015993,654,2493.239657
-132.637468,153,2502.706622
-121.563379,107,2505.305623
-119.103401,146,2507.186623
-132.312984,275,2509.78762
-119.672967,106,2514.011619
-125.668584,161,2515.698623
-130.428497,304,2518.18162
-117.08464,128,2522.67362
-114.944335,106,2524.592621
-135.806998,357,2526.401656
-140.085257,289,2531.929654
-142.615226,244,2536.225621
-12.121966,1600,2541.261625
-133.771479,568,2564.672626
-126.421375,220,2573.026622
-170.885463,1600,2577.671653
-159.503235,1600,2602.13062
-119.246754,97,2625.416662
-113.920231,122,2626.923624
-114.895584,116,2628.857622
-183.578985,1600,2631.944623
-132.317955,817,2656.103805
43.528918,1600,2669.311804
-135.97388,143,2692.866843
-150.6241,1600,2696.385804
-148.936183,1600,2720.964804
-115.923213,74,2744.177892
-129.236638,123,2745.513543
-115.953226,90,2747.516244
-114.810797,87,2748.970242
-119.684094,74,2750.331241
-114.174564,85,2751.469278
-118.816641,68,2752.798244
-116.158108,66,2753.854243
-116.867541,70,2754.873243
-112.626115,120,2756.067244
-111.15662,116,2757.92224
-117.0401,79,2759.659246
-40.927381,1600,2762.241275
-112.807685,159,2785.815243
-113.5758,103,2788.285245
-128.80008,325,2790.105244
-109.803438,142,2794.92624
-171.640363,1600,2798.480243
-141.026834,271,2821.962245
-141.121971,324,2826.141278
-177.640643,959,2833.073241
-154.408918,1600,2849.124245
-135.55749,314,2872.683246
-134.946455,495,2877.698242
-118.308102,106,2885.001242
-150.603026,552,2887.036243
-108.497483,106,2895.368247
-118.352447,254,2897.333246
-123.826093,379,2901.43887
-114.521488,186,2907.25087
-148.3986,249,2910.174868
-175.965525,1067,2914.989871
-133.355028,267,2930.945868
-124.31997,1600,2936.3179
-111.649685,216,2959.955869
-121.571783,115,2963.115904
-129.200027,286,2965.026868
-115.036813,70,2969.286902
-106.088583,88,2970.38087
-118.377788,147,2971.747872
-123.981963,207,2974.069901
-122.204984,110,2977.24987
-114.677685,274,2979.14587
-120.968912,212,2983.327899
-126.003273,419,2986.708867
-117.869633,285,2993.078869
-112.647925,428,2997.686898
-107.947753,708,3004.66287
-172.670031,1211,3016.292873
-124.132337,518,3034.370913
-118.555228,203,3042.013947
-108.991131,161,3045.043914
-183.175826,592,3047.899913
-137.615591,1600,3057.995914
-164.042277,1600,3083.125909
-134.63422,86,3106.487944
-125.729454,189,3107.852955
-205.257326,794,3111.399915
-131.521493,147,3123.097912
-116.054837,202,3125.433913
-150.290322,501,3128.915947
-127.185957,523,3136.663913
-117.766874,198,3144.604911
-108.766501,1586,3148.881941
-116.273865,215,3172.396913
-116.971436,183,3175.76891
-113.736103,438,3178.810916
-116.884719,50,3185.423912
-113.2025,252,3186.49591
-120.304336,226,3190.41291
-117.373347,1600,3195.208912
-145.853166,574,3219.659946
-111.358466,180,3228.377945
-121.099649,293,3231.255909
-109.572472,107,3235.673947
-121.679512,78,3237.247913
-122.878617,131,3238.529912
-114.260338,107,3240.589911
-165.78439,422,3242.522959
-120.555028,286,3248.884914
-127.965587,282,3253.370912
-121.76739,345,3257.845947
-135.587514,176,3263.088913
-86.957449,1600,3267.00991
-112.852098,40,3290.688914
-125.086655,256,3291.490912
-188.377881,699,3295.904911
-195.263242,731,3306.893913
-119.14641,77,3317.543948
-122.874452,165,3318.856924
-154.397883,374,3321.611913
-129.85786,364,3327.57391
-154.264393,392,3333.210915
-124.572333,49,3339.088911
-136.05293,318,3340.091952
-182.56673,888,3345.697943
-129.448242,101,3358.961947
-126.740264,429,3360.749912
-131.590457,585,3367.66091
-131.407523,883,3377.085913
-145.222514,1267,3391.375967
-63.871598,1600,3411.640997
-81.422647,1600,3437.710971
-129.548682,112,3461.774998
-9.583515,1600,3464.854962
-174.628867,849,3489.58996
-108.044667,364,3502.859993
-110.487627,356,3508.677961
-20.057263,1600,3515.504963
-109.762762,418,3539.744993
-118.413806,153,3546.00596
-120.078013,352,3548.64596
-107.055674,306,3554.084002
-119.963672,65,3558.701963
-120.605411,73,3559.721998
-101.034809,181,3561.000963
-105.553377,184,3563.866963
-110.938555,186,3566.832959
-113.579925,1596,3571.052961
-124.685083,259,3594.714959
-55.007637,1600,3600.023964
-96.756417,308,3624.146005
-107.654603,73,3628.847003
-55.459558,1600,3631.296035
-40.398624,1600,3656.581038
-109.026557,125,3680.464002
-109.522212,159,3682.429004
-113.668576,279,3685.135041
-2.059742,1600,3690.801005
-111.62606,117,3714.777006
-130.242063,423,3716.931005
-122.021774,192,3723.420035
-110.298387,167,3726.406006
-106.002843,143,3729.071002
-101.486946,66,3731.326008
-115.037915,91,3732.355006
-99.869757,76,3733.732038
-103.8717,75,3734.909034
-122.439257,120,3736.134035
-104.373603,75,3737.996042
-105.981995,72,3739.210049
-113.17244,77,3740.392049
-143.042268,1042,3742.538014
-82.563399,513,3758.393012
-165.428603,1600,3767.647047
-101.701357,439,3791.994014
-112.145889,200,3798.687014
-116.973317,139,3801.794013
-114.037201,135,3804.041011
-112.145036,189,3806.162014
-125.120626,169,3809.168013
-129.758249,166,3811.829013
-157.678537,1600,3815.83205
-120.393987,542,3840.361017
-100.183042,321,3848.659013
-110.450686,464,3853.953049
-100.572616,103,3861.161015
-104.334052,156,3862.792015
-101.23582,154,3865.312012
-57.856426,814,3868.326011
-113.144918,156,3880.50505
-112.468699,212,3883.054013
-100.540222,104,3886.264013
-128.830247,136,3887.973013
-110.131217,106,3890.150012
-112.555516,169,3891.811018
-116.742051,124,3894.470049
-84.900123,476,3896.771017
-110.820317,564,3904.393012
-210.158994,823,3913.647011
-163.73683,1600,3927.360044
-196.537921,1157,3952.446011
-135.817349,563,3970.348052
30.376597,1600,3980.127101
-171.066181,1600,4005.946141
-109.335447,116,4030.3971
-114.063064,115,4032.437099
-141.555563,176,4034.278102
-142.21497,136,4037.035101
-105.095822,1600,4040.566139
-163.467874,1600,4065.945131
-125.093735,48,4090.252135
-141.444748,191,4091.122099
-98.90336,680,4094.550136
-117.784883,139,4105.9411
-125.324435,188,4108.244102
-137.043654,166,4111.447136
-192.793071,762,4114.707101
-142.171605,991,4127.0881
-147.786241,263,4142.755132
-161.46436,328,4147.088099
-141.705762,171,4152.125137
-83.831775,1094,4155.698102
-153.22086,214,4172.208103
105.081761,1600,4176.811131
49.333046,1600,4202.53813
-139.696959,163,4226.928621
-158.275058,389,4229.894655
-175.562785,508,4236.171619
-125.580889,88,4243.995621
-180.746079,1600,4246.728621
-225.110624,987,4271.68565
-161.346942,1600,4288.100621
-123.112202,55,4312.265621
-83.326078,1600,4314.455652
-238.975514,1366,4340.870621
-178.90548,1600,4363.008621
-120.056642,1600,4388.699617
-100.401551,346,4413.497655
-145.253988,1600,4420.19662
8.071095,1197,4445.283622
-189.786567,1388,4464.700622
-104.419361,364,4485.991617
-102.425497,310,4491.762623
48.134819,1600,4497.95765
-106.635302,894,4522.995621
-101.237958,103,4536.837653
-105.539987,1027,4539.348621
-105.890161,108,4555.188621
-101.29336,322,4557.118657
11.42405,1600,4563.545619
-105.156194,108,4588.123618
-96.224784,244,4589.988652
-62.506683,768,4594.515656
-120.559363,181,4606.446621
-116.320119,579,4609.696619
-68.774162,1600,4619.998618
-27.050629,1510,4646.140656
44.47267,1600,4670.689648
-85.425591,388,4695.547621
112.459283,1600,4703.110631
-56.987151,1600,4729.039634
-102.708319,1600,4755.044631
4.784325,1600,4780.613633
-33.655342,1600,4806.303644
-5.607682,1600,4832.084157
-96.603678,689,4857.106189
-107.22083,129,4867.682159
-102.251222,414,4870.004158
55.031266,1600,4877.842158
-37.583341,713,4903.034156
157.152638,1600,4915.451156
34.092187,1600,4941.498238
-102.216143,502,4966.357206
-89.584837,464,4974.484236
117.675734,1600,4982.861209
-69.34415,556,5007.712239
-70.549974,969,5016.970205
-78.922132,599,5032.403207
-118.016864,1600,5042.823254
-105.581373,1600,5068.658205
-10.335269,1600,5094.613236
131.51116,1600,5120.267203
-23.457692,1296,5146.032239
-59.819223,1106,5166.732206
-91.760138,314,5184.025208
-111.838911,55,5188.937202
-115.907163,89,5189.825204
-113.57924,57,5191.282239
-135.722577,224,5192.368206
-123.968695,108,5195.901238
-112.774541,68,5197.644239
-68.743966,612,5199.226212
-103.199704,249,5208.833206
-118.238204,77,5212.676203
-114.770861,86,5213.913209
-74.18819,822,5216.097233
-110.903755,51,5228.900203
-99.958754,334,5230.084236
-116.284887,326,5235.835208
-114.405365,163,5241.532206
-85.647496,334,5244.436206
160.684037,1600,5250.921204
-24.863187,1567,5276.765206
-106.266089,217,5301.289429
-125.052057,404,5304.98646
-40.783964,675,5311.819425
-43.220882,728,5322.809457
-77.617157,395,5334.300427
-110.73308,1600,5341.737455
149.524829,1600,5367.583422
-60.086335,1015,5392.965428
-80.840781,359,5408.719425
-112.729744,1600,5415.575456
-98.827145,276,5441.925886
-45.00194,577,5446.869911
197.215053,1575,5457.369894
-64.898143,387,5485.852895
-11.912679,908,5493.016927
-111.999836,120,5507.534897
24.376807,1102,5510.613895
-66.229948,344,5529.081899
-102.869794,160,5535.219898
-87.497665,235,5538.416897
57.574401,1600,5544.838898
5.138903,947,5574.210755
196.861271,1554,5591.680757
190.07636,1589,5618.547719
-103.21197,162,5644.803718
-87.101855,333,5647.55272
-27.529109,840,5653.467756
1.349627,680,5667.074719
-104.484378,93,5677.640721
-24.779144,650,5679.652719
-72.054555,480,5690.184755
-49.31194,941,5698.48572
-107.615859,127,5713.006721
-103.900883,152,5715.152757
-106.542911,80,5717.58672
89.504224,1600,5720.34172
-96.416113,230,5745.04675
-102.204765,240,5748.81072
-102.278591,182,5752.777717
110.032309,1600,5757.028717
-61.497277,664,5782.089917
168.255074,1600,5793.745917
-93.653178,273,5818.759879
-3.498732,856,5823.742882
-108.00435,94,5837.347912
-98.900383,117,5838.883884
-73.180676,265,5840.984882
44.03546,1151,5846.132886
198.935494,1534,5865.391648
-25.700174,689,5889.689679
-105.839852,159,5900.855708
-15.386854,703,5903.983706
-114.987268,100,5915.344705
-110.730751,93,5916.965703
-110.524854,156,5918.572706
151.993735,1600,5922.450706
-38.798627,522,5947.835703
-67.074484,254,5956.163703
-33.865643,618,5960.611703
87.759861,1305,5971.850994
200.759977,1537,5993.381022
-55.200657,620,6017.601981
-71.477422,329,6027.579058
-74.616893,299,6032.977055
204.614047,1484,6039.049057
138.441989,1600,6063.27109
196.265152,1565,6089.31006
226.651224,1304,6114.804056
-96.476213,147,6135.167221
65.324919,1146,6138.430196
233.682903,1232,6158.273234
-60.402166,328,6177.995234
-103.493992,135,6183.094272
-35.496735,543,6185.703233
6.155921,859,6194.858232
-27.318532,431,6208.720268
-47.648471,353,6215.695232
-92.310549,352,6221.681234
-94.763616,141,6227.237268
68.846013,1080,6230.43523
-6.626321,599,6247.761627
-54.121798,313,6257.411658
-65.646121,256,6262.570629
-50.227071,429,6266.988626
-31.615535,545,6274.137625
-54.59608,335,6282.893628
-46.215913,393,6288.429631
219.932356,1353,6295.710627
-57.966689,298,6317.02563
220.038751,1353,6322.935626
100.717612,1202,6344.887677
226.54321,1334,6364.741626
241.800082,1169,6386.50567
230.493476,1276,6405.66466
221.286026,1372,6426.637935
230.918354,1270,6449.421934
112.454319,1105,6470.162933
243.292427,1159,6488.14197
249.716976,1086,6507.213934
-43.855738,486,6524.704939
28.095452,1003,6533.091933
118.011205,1085,6549.602934
239.555927,1190,6567.327968
235.425937,1220,6586.648938
-27.209,394,6605.754936
-8.594314,442,6612.201933
-95.690149,150,6619.103936
-9.473623,543,6621.859933
229.693967,1288,6631.40094
217.731353,1374,6652.165937
243.521545,1150,6674.255937
200.185616,1583,6693.330935
251.101019,1070,6718.704939
219.774081,1395,6736.633972
230.011906,1250,6760.231933
-47.333892,278,6779.858934
-70.244877,213,6784.363933
-56.028958,237,6787.894936
-18.07894,410,6791.921971
25.677273,625,6798.799933
84.686193,884,6809.132937
73.095826,903,6823.744937
-43.994996,280,6837.814934
241.891366,1173,6843.173938
-31.66615,359,6861.582934
-76.73647,194,6867.353935
-60.735848,261,6870.535939
209.938591,1470,6875.985937
-90.488101,188,6898.865937
89.329882,749,6902.433934
-34.829768,335,6914.250933
-77.234908,272,6919.731936
235.776797,1237,6925.116934
241.256819,1195,6945.491933
233.819816,1261,6965.160934
22.942816,657,6985.156975
230.588267,1254,6996.471937
8.789494,602,7016.543934
231.580568,1235,7026.869934
75.8526,886,7046.655933
239.669819,1134,7062.164964
247.277721,1070,7080.771968
135.452684,880,7098.453935
-1.280459,454,7112.567965
253.05224,1048,7120.595973
-64.476621,226,7137.021971
-7.713307,422,7140.916934
-38.892063,330,7147.649936
241.12759,1189,7153.787934
27.183785,573,7172.656933
-13.791363,486,7182.060937
246.430622,1165,7190.709934
254.947516,1014,7209.612932
258.601934,977,7226.087933
249.926149,1078,7242.108937
253.982181,1033,7259.833966
145.338987,984,7276.519937
-85.185317,129,7291.708935
-77.648504,180,7293.843968
-55.661073,260,7296.868933
252.989306,1066,7301.821936
251.825406,1053,7319.643821
-48.823918,281,7336.387301
71.633881,597,7341.326303
1.794809,394,7351.026303
-45.47665,271,7357.504305
107.362464,815,7362.455304
-13.667882,414,7375.533304
10.809388,451,7382.378338
259.661849,995,7390.284301
-2.361966,464,7406.125318
-95.593877,166,7413.52832
28.625214,500,7416.481319
41.167613,552,7424.596352
260.760531,972,7434.03832
260.044712,992,7449.976346
36.770306,510,7465.583319
-36.717692,276,7473.716318
-21.121949,383,7478.383352
267.688192,904,7485.228352
-43.718989,265,7499.570318
272.004443,868,7504.44235
17.563786,479,7518.321315
-67.211158,244,7526.016352
264.391251,947,7530.622349
59.871662,772,7546.231357
96.880548,844,7558.945354
245.137918,1129,7572.936315
254.977406,1041,7591.311368
262.331432,970,7608.780843
249.444217,1107,7624.984843
262.061846,984,7643.51584
261.085975,999,7659.793843
-66.884116,189,7675.500844
255.277215,1055,7679.372843
90.77301,890,7696.814844
48.055208,581,7712.302596
262.247178,973,7722.374469
28.536875,495,7739.941469
-58.075399,304,7749.037471
274.907623,852,7754.498509
268.800821,914,7768.792476
138.540433,818,7783.856471
259.569635,985,7797.480473
264.625498,954,7813.817507
264.401401,936,7829.41747
97.721327,864,7844.792469
-32.146217,388,7858.860512
256.291258,1015,7865.816511
94.625254,836,7882.538543
45.159072,574,7895.991538
2.060962,461,7905.484543
-10.426571,393,7913.084611
-50.172179,326,7919.691644
251.811418,1065,7925.85261
263.297994,965,7943.456608
25.285842,577,7959.05661
-45.381533,300,7968.87861
-4.321844,372,7974.236622
145.76848,931,7980.907644
270.059549,900,7996.136607
117.664494,832,8010.971612
-13.671026,378,8024.575611
79.578957,769,8031.142611
-55.224349,202,8043.357607
-51.828785,208,8046.717646
145.048269,888,8050.675613
-2.235965,433,8064.84361
260.226792,981,8072.453613
270.096404,883,8088.40164
59.006454,817,8102.816645
262.009483,997,8116.44261
264.126237,959,8132.949644
270.005808,881,8148.607643
-6.189664,466,8162.691642
104.730579,770,8170.639645
-25.720191,324,8182.837611
237.282383,1183,8188.944607
255.661097,1023,8208.309608
219.594987,1341,8225.29761
207.392971,1443,8247.721642
27.804314,574,8270.453607
259.830666,973,8280.227646
254.553841,1038,8296.57464
-87.982048,153,8313.065646
-104.774291,109,8315.541684
-39.559054,249,8317.500647
-85.574269,173,8321.518648
63.525326,831,8325.020647
268.322814,911,8338.839682
-26.154431,383,8353.352677
-65.576307,239,8359.497682
179.940321,1600,8364.64968
232.338545,1260,8390.571651
243.212633,1136,8411.310463
84.52923,1600,8430.411466
-96.347238,123,8455.326467
11.618097,575,8457.791461
42.32902,581,8467.248464
65.097956,714,8477.036498
86.049998,909,8489.17546
262.025095,964,8504.143461
-24.708907,353,8519.467463
-53.548459,222,8525.050464
-47.703686,266,8528.774464
-42.519596,293,8533.058464
-55.012692,207,8537.717465
-16.703403,319,8541.244464
-12.181808,350,8546.560498
-26.401893,322,8552.242464
260.329721,1002,8558.153499
-61.971112,188,8573.691462
-34.607152,346,8576.926465
25.242275,470,8582.718462
-72.08518,185,8590.287498
-33.214906,253,8593.351491
8.635256,401,8597.678461
-22.51284,320,8604.130505
271.319257,896,8609.814496
269.387106,907,8624.700463
-32.164566,301,8638.98146
-39.478643,312,8643.930497
263.470663,980,8649.575461
7.888048,449,8665.048493
94.311769,736,8672.902851
-58.700279,190,8684.506851
-27.967567,405,8687.824882
-47.237124,267,8694.435878
-27.437881,298,8698.823882
37.71843,552,8704.008847
115.837012,848,8713.482847
-25.609486,402,8726.988847
28.342072,481,8733.645882
104.587584,688,8741.677845
270.500311,894,8753.260882
258.516671,1001,8768.10188
255.410275,1021,8784.499875
106.197165,706,8801.193847
225.682467,1327,8813.508849
-51.225164,302,8834.607851
264.704419,959,8840.158851
14.69836,443,8855.322849
265.197271,938,8862.944851
269.166622,913,8879.018849
270.039437,906,8894.475845
-82.036409,148,8909.093372
261.051327,966,8912.343402
272.665312,870,8928.143368
-65.061649,223,8942.0714
104.304839,797,8946.271409
-46.865031,244,8958.956398
270.662888,887,8963.4874
271.022902,889,8978.072365
84.033565,654,8992.648369
121.441328,904,9003.498369
-3.296881,460,9017.876369
3.434766,487,9025.455411
258.917296,968,9033.687414
257.655231,1024,9049.529444
258.96964,1000,9066.145411
-82.714105,120,9081.86041
-104.205333,116,9083.835411
119.070753,798,9086.298411
14.594382,459,9099.109444
119.161363,880,9106.91044
65.12902,631,9121.18941
266.463744,950,9131.898423
9.283922,421,9146.957408
32.895325,711,9154.149421
249.583303,1103,9166.11041
32.056391,641,9183.811407
-29.122876,408,9194.189411
-81.470456,241,9200.702407
-28.784396,357,9204.80144
-10.042904,429,9210.751445
108.679899,711,9218.095411
27.242201,495,9229.690411
25.178257,760,9238.129717
44.056383,613,9250.443753
259.801629,1039,9260.909717
261.321654,1001,9277.848759
53.662302,595,9294.401721
4.300039,388,9303.89272
-57.558708,218,9310.077757
261.889832,967,9314.301718
263.438811,966,9329.893722
31.697798,482,9345.282724
53.449006,606,9353.220755
271.553414,886,9363.36872
263.019453,958,9377.940717
264.084555,931,9393.745758
268.85095,872,9408.819722
-91.579652,118,9422.283718
254.939009,1045,9425.080717
256.314113,1015,9442.286718
26.461856,554,9458.629722
263.672434,940,9468.127717
270.799829,880,9483.82981
148.271332,857,9499.14187
112.548853,823,9513.201893
52.909886,546,9526.414855
270.272011,901,9535.664858
272.855497,883,9550.452858
-73.439516,144,9564.337856
2.113891,392,9566.896893
-37.149102,270,9573.133857
-60.20014,202,9577.453859
5.825888,400,9580.93886
-5.566406,355,9587.556894
273.962233,867,9593.848893
-44.527793,257,9607.601859
268.64045,917,9612.375889
248.328434,1140,9627.648857
-121.095408,167,9645.446861
-113.705259,168,9648.22786
-103.148101,161,9650.97986
-115.20853,405,9653.896856
-77.86131,924,9660.991858
-115.820139,152,9675.563893
-92.763756,467,9678.376856
-118.176064,42,9685.675858
-117.837639,41,9686.360857
-118.029055,156,9687.144888
-124.270065,161,9689.665894
-121.486804,155,9692.445893
-118.956127,112,9694.962856
-118.933949,39,9696.717859
-150.304069,205,9697.549888
-119.629981,40,9700.818858
-116.741301,53,9701.506859
-117.256234,53,9702.431855
-120.457964,64,9703.369889
-123.356178,89,9704.470859
-126.009528,92,9705.925857
-120.642324,82,9707.367891
-125.6781,71,9708.789862
-127.310355,97,9709.96186
-128.632774,83,9711.438855
-112.267042,91,9712.785891
-134.812279,93,9714.272859
-130.618451,118,9715.843893
-118.692115,159,9717.810859
-112.455492,403,9720.612858
-136.655413,125,9727.032893
-149.778345,681,9729.607889
-155.56325,989,9741.139893
-130.622684,358,9756.756893
-130.112888,447,9762.603858
-118.615836,179,9769.716859
-115.409401,342,9772.733856
-117.570606,171,9778.187856
-171.875195,484,9781.212862
-156.702536,1133,9790.480859
-132.333583,393,9808.48286
-110.248057,276,9814.916987
-200.386595,748,9819.942991
-160.70009,935,9832.624991
-99.864703,712,9848.14345
-12.305863,1600,9860.786452
39.260331,1492,9887.02245
-68.534292,324,9910.746191
-144.727066,583,9916.270157
216.211548,1410,9926.64716
-120.075278,1168,9949.510161
-65.533407,273,9967.886161
-11.298496,579,9972.61316
241.893205,1201,9982.570208
-67.811218,309,10001.396173
-60.837471,278,10006.458171
-50.634787,379,10011.094174
253.179489,1053,10018.008172
243.424523,1174,10036.007173
263.447363,970,10055.155174
255.719444,1040,10071.196172
-105.326002,55,10087.282171
260.457625,1017,10089.048176
260.669964,997,10106.056174
262.56441,971,10122.322176
268.219935,923,10138.285172
15.66254,491,10152.993206
261.746155,922,10161.478206
263.759154,893,10176.375175
-13.618164,354,10190.616173
73.819473,580,10196.535174
269.837248,918,10206.261203
-75.371683,191,10220.555171
11.471685,519,10223.920175
-66.76761,203,10232.028174
-69.086198,185,10235.389175
269.340863,930,10239.061171
75.995205,634,10253.925171
268.789571,920,10264.595173
86.640526,686,10279.376175
-86.943365,125,10290.07617
-91.346196,101,10292.107174
256.665549,1020,10294.560174
268.108698,913,10311.174208
-78.118713,178,10325.274176
270.59069,887,10328.907171
139.179526,939,10343.328171
264.841516,972,10358.773171
261.905651,998,10374.743174
259.577899,1019,10391.268177
270.173434,921,10407.937079
-108.554508,84,10422.285083
273.568847,869,10424.299048
275.587943,860,10438.540047
273.600233,866,10452.587082
-27.55009,304,10466.225639
275.408091,852,10471.618676
99.915066,689,10485.256673
-70.972153,143,10496.034681
82.903719,558,10498.814671
274.251797,867,10508.117638
273.86397,855,10522.22164
255.974314,1072,10536.442675
-145.736443,1600,10554.632642
-121.420787,1600,10580.660721
-158.494905,1600,10607.085688
-129.702592,638,10632.585724
-112.084281,250,10642.588727
-119.2978,354,10646.743687
-108.753262,205,10652.316689
-128.500893,137,10655.544691
-27.00067,322,10657.933687
-33.924802,480,10663.389693
-38.666112,356,10671.24269
-129.213359,161,10676.941689
-84.095829,1600,10680.876687
-170.544339,814,10707.766687
259.922363,1009,10721.258693
109.976375,680,10737.402689
107.279639,670,10748.569719
257.989564,1023,10759.891725
57.616857,523,10776.11369
48.339767,549,10784.719719
76.567126,576,10793.82369
14.615142,386,10803.003688
275.250302,827,10809.728687
-6.862729,342,10822.692687
266.133445,919,10828.69869
-30.738853,278,10843.052686
35.685226,466,10847.814719
271.440441,877,10855.868692
36.736915,444,10869.772692
275.380364,856,10877.42169
278.799691,832,10891.363718
277.599083,847,10905.048689
279.327489,835,10919.02469
267.247567,952,10932.822687
272.581086,886,10948.381737
43.272885,523,10962.482771
275.7402,858,10971.464736
277.599748,828,10985.632734
265.071696,965,10999.424734
275.534514,851,11015.134733
274.816746,862,11029.145766
277.096141,828,11043.174733
-38.47835,271,11056.442736
49.271479,541,11061.072733
270.889626,910,11070.309777
24.577955,466,11084.657735
-38.812055,306,11092.167737
81.568273,627,11097.493737
274.195187,866,11108.009732
65.763954,624,11122.069768
-24.502182,296,11131.982768
275.358895,855,11137.413771
-33.138127,244,11150.959778
15.38832,399,11155.065736
-48.550547,269,11161.365736
43.281744,477,11166.020769
147.529325,778,11174.019737
81.061866,627,11186.86177
-65.652287,196,11196.779771
-0.987692,388,11200.238733
-39.639606,273,11206.578765
278.310185,825,11211.566736
-4.987907,375,11224.61577
-71.431735,166,11230.851768
95.111988,709,11234.115768
272.449582,856,11245.844736
265.693752,938,11259.869733
271.289329,877,11275.410768
274.113874,853,11289.818734
277.928244,811,11304.885068
276.389735,846,11318.506031
34.864272,453,11332.270034
116.918225,638,11339.953033
278.131115,821,11351.176064
275.13891,852,11364.751066
-36.211381,253,11378.158033
-18.985804,287,11382.384068
279.484191,809,11387.561031
-20.17477,287,11400.397033
270.693726,909,11405.670065
2.67523,370,11419.997061
273.327925,867,11426.518034
278.396325,814,11440.805256
277.006817,828,11454.298255
8.218332,384,11467.753293
91.581138,668,11474.352288
-51.832795,248,11485.107288
-60.132951,206,11489.172256
-58.907325,199,11492.61826
-38.651654,266,11495.987256
273.623769,838,11501.015296
97.263999,632,11514.95629
-17.862232,289,11525.028259
280.61316,797,11530.398292
-11.522343,327,11543.101259
156.321731,796,11548.927257
104.240099,700,11561.780291
-31.742463,271,11573.032291
-20.442793,284,11577.587288
-41.16301,256,11582.342257
156.719752,761,11586.955259
107.602098,722,11599.591256
278.925192,828,11612.417259
280.989926,788,11626.314258
38.265545,514,11639.077292
268.377119,953,11647.923259
-65.463781,193,11662.900287
-36.884589,257,11666.166255
10.802407,412,11670.529258
13.665754,420,11677.328259
271.936288,908,11684.621292
279.336965,809,11699.3803
276.113885,838,11712.747257
-43.447936,268,11725.961256
30.491998,464,11730.560263
-40.545846,268,11737.982257
278.721562,810,11742.940257
271.17942,868,11756.390257
127.06703,745,11770.703288
-27.97249,312,11782.577293
82.008787,583,11787.874293
-51.432465,229,11797.15626
-15.740776,308,11800.985255
1.362711,361,11806.063259
-27.666407,300,11811.971292
280.806852,799,11817.460256
48.717488,524,11830.401259
-99.584431,106,11838.722255
-12.771189,365,11840.647291
-46.306734,235,11846.732256
-4.546906,383,11850.727256
102.079342,639,11857.20926
267.89979,898,11867.954255
270.071197,915,11882.760292
-64.738795,234,11897.519255
21.395681,514,11901.729294
275.007819,860,11910.520258
-15.308559,383,11924.321292
269.732133,872,11931.083258
65.204407,662,11945.037258
269.853102,892,11956.112259
285.397288,779,11970.643255
273.94298,858,11983.519288
-53.099584,241,11997.203259
-17.544538,309,12001.234258
-3.42945,418,12006.432291
67.91276,531,12013.290262
277.166028,831,12022.263261
-11.985109,332,12035.633288
-40.491297,250,12040.989261
275.39977,814,12045.568296
-97.041602,97,12058.22226
272.855418,866,12060.531255
-83.727723,131,12074.280256
62.262093,546,12076.772288
57.778642,536,12085.681261
125.336601,721,12094.662293
121.022813,696,12106.501297
83.349308,639,12117.896256
142.695292,713,12128.419255
-15.939673,310,12140.101262
76.502079,609,12145.429256
276.893506,842,12155.842292
278.08282,835,12169.610292
273.64768,872,12183.383291
279.545544,814,12197.554256
277.342828,829,12210.951293
271.623361,897,12224.799294
-12.702895,338,12238.975259
-14.491915,371,12244.513293
-36.329519,239,12250.545291
10.837723,407,12254.584258
51.287809,538,12261.454259
141.265596,806,12270.524258
264.00576,957,12284.004255
-73.272441,176,12299.15926
9.760203,449,12302.355262
269.301266,896,12310.186257
-58.578535,209,12324.144258
265.724331,949,12328.241256
-17.335659,315,12343.470255
-61.554468,221,12348.581293
264.935758,882,12352.932256
270.370098,896,12367.517255
271.498617,887,12382.331256
265.823767,934,12396.979257
271.644125,890,12412.778256
281.016909,797,12427.488292
-38.692625,253,12440.468259
270.913284,878,12445.269259
277.294405,823,12459.632288
281.09963,800,12473.045256
274.994222,851,12486.331255
279.636773,823,12500.602357
-118.513557,86,12513.596321
277.927865,808,12515.869323
272.31259,863,12530.051319
275.341789,856,12544.198323
279.199391,809,12558.413321
-14.58362,305,12571.258321
63.589143,544,12576.443351
264.205433,962,12585.884355
48.4471,479,12601.345322
-41.051425,279,12608.90332
279.843259,831,12614.010322
-15.157478,339,12627.243322
-42.69266,258,12632.867325
278.037201,816,12637.634358
161.104032,776,12650.936354
279.811962,822,12663.699318
280.359692,807,12677.25532
284.559875,778,12690.488325
278.523585,826,12703.451357
280.120392,815,12717.009352
-100.818771,111,12729.776365
262.85651,848,12732.314322
44.31538,491,12745.861319
